[
    {
        "resourceName": "系统消息",
        "routerUrl": "/main/message",
        "resourceIcon": "",
        "type": "2",
        "buttons": [],
        "noparent": true,
        "children": [
            {
                "needLogin": true,
                "resourceName": "系统消息",
                "routerUrl": "/main/message/SystemMessage",
                "resourceIcon": "TeamOutlined",
                "type": "2",
                "buttons": [],
                "noparent": true,
                "component": {},
                "children": [
                    {
                        "needLogin": true,
                        "resourceName": "系统消息详情",
                        "routerUrl": "/main/message/SystemMessage/SystemMessageForm",
                        "resourceIcon": "",
                        "type": "2",
                        "buttons": [],
                        "component": {},
                        "resourceId": "/main/message/SystemMessage/SystemMessageForm",
                        "parentId": "/main/message/SystemMessage"
                    }
                ],
                "resourceId": "/main/message/SystemMessage",
                "parentId": "/main/message"
            }
        ],
        "resourceId": "/main/message",
        "parentId": "/main"
    },
    {
        "resourceName": "统计查询",
        "routerUrl": "/main/statis",
        "resourceIcon": "",
        "type": "0",
        "buttons": [],
        "children": [
            {
                "needLogin": true,
                "resourceName": "加油统计",
                "routerUrl": "/main/statis/Gasstation",
                "resourceIcon": "TeamOutlined",
                "type": "0",
                "buttons": [],
                "noparent": true,
                "component": {},
                "children": [
                    {
                        "needLogin": true,
                        "resourceName": "新增Gasstation",
                        "routerUrl": "/main/statis/Gasstation/GasstationForm",
                        "resourceIcon": "",
                        "type": "2",
                        "buttons": [],
                        "component": {},
                        "resourceId": "/main/statis/Gasstation/GasstationForm",
                        "parentId": "/main/statis/Gasstation"
                    }
                ],
                "resourceId": "/main/statis/Gasstation",
                "parentId": "/main/statis"
            },
            {
                "needLogin": true,
                "resourceName": "万金油对账",
                "routerUrl": "/main/statis/WanjinyouBill",
                "resourceIcon": "TeamOutlined",
                "type": "0",
                "buttons": [],
                "noparent": true,
                "component": {},
                "children": [
                    {
                        "needLogin": true,
                        "resourceName": "新增WanjinyouBill",
                        "routerUrl": "/main/statis/WanjinyouBill/WanjinyouBillForm",
                        "resourceIcon": "",
                        "type": "2",
                        "buttons": [],
                        "component": {},
                        "resourceId": "/main/statis/WanjinyouBill/WanjinyouBillForm",
                        "parentId": "/main/statis/WanjinyouBill"
                    }
                ],
                "resourceId": "/main/statis/WanjinyouBill",
                "parentId": "/main/statis"
            },
            {
                "needLogin": true,
                "resourceName": "佣金统计",
                "routerUrl": "/main/statis/Commission",
                "resourceIcon": "TeamOutlined",
                "type": "0",
                "buttons": [],
                "noparent": true,
                "component": {},
                "children": [
                    {
                        "needLogin": true,
                        "resourceName": "新增Commission",
                        "routerUrl": "/main/statis/Commission/CommissionForm",
                        "resourceIcon": "",
                        "type": "2",
                        "buttons": [],
                        "component": {},
                        "resourceId": "/main/statis/Commission/CommissionForm",
                        "parentId": "/main/statis/Commission"
                    }
                ],
                "resourceId": "/main/statis/Commission",
                "parentId": "/main/statis"
            }
        ],
        "resourceId": "/main/statis",
        "parentId": "/main"
    },
    {
        "resourceName": "系统设置",
        "routerUrl": "/main/system",
        "resourceIcon": "",
        "type": "0",
        "buttons": [],
        "children": [
            {
                "needLogin": true,
                "resourceName": "用户管理",
                "routerUrl": "/main/system/User",
                "resourceIcon": "TeamOutlined",
                "type": "0",
                "buttons": [],
                "noparent": true,
                "component": {},
                "children": [
                    {
                        "needLogin": true,
                        "resourceName": "新增用户",
                        "routerUrl": "/main/system/User/UserForm",
                        "resourceIcon": "",
                        "type": "2",
                        "buttons": [],
                        "component": {},
                        "resourceId": "/main/system/User/UserForm",
                        "parentId": "/main/system/User"
                    }
                ],
                "resourceId": "/main/system/User",
                "parentId": "/main/system"
            },
            {
                "needLogin": true,
                "resourceName": "角色管理",
                "routerUrl": "/main/system/Role",
                "resourceIcon": "TeamOutlined",
                "type": "0",
                "buttons": [],
                "noparent": true,
                "component": {},
                "children": [
                    {
                        "needLogin": true,
                        "resourceName": "新增角色",
                        "routerUrl": "/main/system/Role/RoleForm",
                        "resourceIcon": "",
                        "type": "2",
                        "buttons": [],
                        "component": {},
                        "resourceId": "/main/system/Role/RoleForm",
                        "parentId": "/main/system/Role"
                    }
                ],
                "resourceId": "/main/system/Role",
                "parentId": "/main/system"
            },
            {
                "needLogin": true,
                "resourceName": "组织架构",
                "routerUrl": "/main/system/Org",
                "resourceIcon": "TeamOutlined",
                "type": "0",
                "buttons": [],
                "noparent": true,
                "component": {},
                "children": [
                    {
                        "needLogin": true,
                        "resourceName": "新增Org",
                        "routerUrl": "/main/system/Org/OrgForm",
                        "resourceIcon": "",
                        "type": "2",
                        "buttons": [],
                        "component": {},
                        "resourceId": "/main/system/Org/OrgForm",
                        "parentId": "/main/system/Org"
                    }
                ],
                "resourceId": "/main/system/Org",
                "parentId": "/main/system"
            },
            {
                "needLogin": true,
                "resourceName": "佣金设置",
                "routerUrl": "/main/system/Commission",
                "resourceIcon": "TeamOutlined",
                "type": "0",
                "buttons": [],
                "noparent": true,
                "component": {},
                "children": [
                    {
                        "needLogin": true,
                        "resourceName": "新增Commission",
                        "routerUrl": "/main/system/Commission/CommissionForm",
                        "resourceIcon": "",
                        "type": "2",
                        "buttons": [],
                        "component": {},
                        "resourceId": "/main/system/Commission/CommissionForm",
                        "parentId": "/main/system/Commission"
                    }
                ],
                "resourceId": "/main/system/Commission",
                "parentId": "/main/system"
            },
            {
                "needLogin": true,
                "resourceName": "优惠信息",
                "routerUrl": "/main/system/Promotion",
                "resourceIcon": "TeamOutlined",
                "type": "0",
                "buttons": [],
                "noparent": true,
                "component": {},
                "children": [
                    {
                        "needLogin": true,
                        "resourceName": "新增Promotion",
                        "routerUrl": "/main/system/Promotion/PromotionForm",
                        "resourceIcon": "",
                        "type": "2",
                        "buttons": [],
                        "component": {},
                        "resourceId": "/main/system/Promotion/PromotionForm",
                        "parentId": "/main/system/Promotion"
                    }
                ],
                "resourceId": "/main/system/Promotion",
                "parentId": "/main/system"
            },
            {
                "needLogin": true,
                "resourceName": "操作日志",
                "routerUrl": "/main/system/Log",
                "resourceIcon": "TeamOutlined",
                "type": "0",
                "buttons": [],
                "noparent": true,
                "component": {},
                "children": [
                    {
                        "needLogin": true,
                        "resourceName": "新增Log",
                        "routerUrl": "/main/system/Log/LogForm",
                        "resourceIcon": "",
                        "type": "2",
                        "buttons": [],
                        "component": {},
                        "resourceId": "/main/system/Log/LogForm",
                        "parentId": "/main/system/Log"
                    }
                ],
                "resourceId": "/main/system/Log",
                "parentId": "/main/system"
            },
            {
                "needLogin": true,
                "resourceName": "资源菜单",
                "routerUrl": "/main/system/Resources",
                "resourceIcon": "TeamOutlined",
                "type": "0",
                "buttons": [],
                "noparent": true,
                "component": {},
                "children": [
                    {
                        "needLogin": true,
                        "resourceName": "新增Resources",
                        "routerUrl": "/main/system/Resources/ResourcesForm",
                        "resourceIcon": "",
                        "type": "2",
                        "buttons": [],
                        "component": {},
                        "resourceId": "/main/system/Resources/ResourcesForm",
                        "parentId": "/main/system/Resources"
                    }
                ],
                "resourceId": "/main/system/Resources",
                "parentId": "/main/system"
            },
            {
                "needLogin": true,
                "resourceName": "app版本管理",
                "routerUrl": "/main/system/Version",
                "resourceIcon": "TeamOutlined",
                "type": "0",
                "buttons": [],
                "noparent": true,
                "component": {},
                "children": [
                    {
                        "needLogin": true,
                        "resourceName": "新增Version",
                        "routerUrl": "/main/system/Version/VersionForm",
                        "resourceIcon": "",
                        "type": "2",
                        "buttons": [],
                        "component": {},
                        "resourceId": "/main/system/Version/VersionForm",
                        "parentId": "/main/system/Version"
                    }
                ],
                "resourceId": "/main/system/Version",
                "parentId": "/main/system"
            }
        ],
        "resourceId": "/main/system",
        "parentId": "/main"
    },
    {
        "resourceName": "积分商城",
        "routerUrl": "/main/mall",
        "resourceIcon": "",
        "type": "0",
        "buttons": [],
        "children": [
            {
                "needLogin": true,
                "resourceName": "商品管理",
                "routerUrl": "/main/mall/Goods",
                "resourceIcon": "TeamOutlined",
                "type": "0",
                "buttons": [],
                "noparent": true,
                "component": {},
                "children": [
                    {
                        "needLogin": true,
                        "resourceName": "新增商品",
                        "routerUrl": "/main/mall/Goods/GoodsForm",
                        "resourceIcon": "",
                        "type": "2",
                        "buttons": [],
                        "component": {},
                        "resourceId": "/main/mall/Goods/GoodsForm",
                        "parentId": "/main/mall/Goods"
                    }
                ],
                "resourceId": "/main/mall/Goods",
                "parentId": "/main/mall"
            },
            {
                "needLogin": true,
                "resourceName": "订单管理",
                "routerUrl": "/main/mall/Orders",
                "resourceIcon": "TeamOutlined",
                "type": "0",
                "buttons": [],
                "noparent": true,
                "component": {},
                "children": [
                    {
                        "needLogin": true,
                        "resourceName": "订单详情",
                        "routerUrl": "/main/mall/Orders/OrdersForm",
                        "resourceIcon": "",
                        "type": "2",
                        "buttons": [],
                        "component": {},
                        "resourceId": "/main/mall/Orders/OrdersForm",
                        "parentId": "/main/mall/Orders"
                    }
                ],
                "resourceId": "/main/mall/Orders",
                "parentId": "/main/mall"
            }
        ],
        "resourceId": "/main/mall",
        "parentId": "/main"
    },
    {
        "resourceName": "油费",
        "routerUrl": "/main/oilcost",
        "resourceIcon": "",
        "type": "0",
        "buttons": [],
        "children": [
            {
                "needLogin": true,
                "resourceName": "加油总览",
                "routerUrl": "/main/oilcost/Overview",
                "resourceIcon": "TeamOutlined",
                "type": "0",
                "buttons": [],
                "noparent": true,
                "component": {},
                "children": [
                    {
                        "needLogin": true,
                        "resourceName": "新增Overview",
                        "routerUrl": "/main/oilcost/Overview/OverviewForm",
                        "resourceIcon": "",
                        "type": "2",
                        "buttons": [],
                        "component": {},
                        "resourceId": "/main/oilcost/Overview/OverviewForm",
                        "parentId": "/main/oilcost/Overview"
                    }
                ],
                "resourceId": "/main/oilcost/Overview",
                "parentId": "/main/oilcost"
            },
            {
                "needLogin": true,
                "resourceName": "公司加油对账",
                "routerUrl": "/main/oilcost/CompanyBill",
                "resourceIcon": "TeamOutlined",
                "type": "0",
                "buttons": [],
                "noparent": true,
                "component": {},
                "children": [
                    {
                        "needLogin": true,
                        "resourceName": "对账单",
                        "routerUrl": "/main/oilcost/CompanyBill/CompanyBillForm",
                        "resourceIcon": "",
                        "type": "2",
                        "buttons": [],
                        "component": {},
                        "resourceId": "/main/oilcost/CompanyBill/CompanyBillForm",
                        "parentId": "/main/oilcost/CompanyBill"
                    }
                ],
                "resourceId": "/main/oilcost/CompanyBill",
                "parentId": "/main/oilcost"
            },
            {
                "needLogin": true,
                "resourceName": "加油站对账",
                "routerUrl": "/main/oilcost/GasStationBill",
                "resourceIcon": "TeamOutlined",
                "type": "0",
                "buttons": [],
                "noparent": true,
                "component": {},
                "children": [
                    {
                        "needLogin": true,
                        "resourceName": "对账单",
                        "routerUrl": "/main/oilcost/GasStationBill/GasStationBillForm",
                        "resourceIcon": "",
                        "type": "2",
                        "buttons": [],
                        "component": {},
                        "resourceId": "/main/oilcost/GasStationBill/GasStationBillForm",
                        "parentId": "/main/oilcost/GasStationBill"
                    }
                ],
                "resourceId": "/main/oilcost/GasStationBill",
                "parentId": "/main/oilcost"
            },
            {
                "needLogin": true,
                "resourceName": "加油撬对账",
                "routerUrl": "/main/oilcost/QiaoBill",
                "resourceIcon": "TeamOutlined",
                "type": "0",
                "buttons": [],
                "noparent": true,
                "component": {},
                "children": [
                    {
                        "needLogin": true,
                        "resourceName": "对账单",
                        "routerUrl": "/main/oilcost/QiaoBill/QiaoBillForm",
                        "resourceIcon": "",
                        "type": "2",
                        "buttons": [],
                        "component": {},
                        "resourceId": "/main/oilcost/QiaoBill/QiaoBillForm",
                        "parentId": "/main/oilcost/QiaoBill"
                    }
                ],
                "resourceId": "/main/oilcost/QiaoBill",
                "parentId": "/main/oilcost"
            }
        ],
        "resourceId": "/main/oilcost",
        "parentId": "/main"
    },
    {
        "resourceName": "司机加盟",
        "routerUrl": "/main/driver",
        "resourceIcon": "",
        "type": "0",
        "buttons": [],
        "children": [
            {
                "needLogin": true,
                "resourceName": "加盟信息",
                "routerUrl": "/main/driver/League",
                "resourceIcon": "TeamOutlined",
                "type": "0",
                "buttons": [],
                "noparent": true,
                "component": {},
                "children": [
                    {
                        "needLogin": true,
                        "resourceName": "加盟信息详情",
                        "routerUrl": "/main/driver/League/LeagueForm",
                        "resourceIcon": "",
                        "type": "2",
                        "buttons": [],
                        "component": {},
                        "resourceId": "/main/driver/League/LeagueForm",
                        "parentId": "/main/driver/League"
                    }
                ],
                "resourceId": "/main/driver/League",
                "parentId": "/main/driver"
            },
            {
                "needLogin": true,
                "resourceName": "加盟审核",
                "routerUrl": "/main/driver/Audit",
                "resourceIcon": "TeamOutlined",
                "type": "0",
                "buttons": [],
                "noparent": true,
                "component": {},
                "children": [
                    {
                        "needLogin": true,
                        "resourceName": "审核",
                        "routerUrl": "/main/driver/Audit/AuditForm",
                        "resourceIcon": "",
                        "type": "2",
                        "buttons": [],
                        "component": {},
                        "resourceId": "/main/driver/Audit/AuditForm",
                        "parentId": "/main/driver/Audit"
                    }
                ],
                "resourceId": "/main/driver/Audit",
                "parentId": "/main/driver"
            }
        ],
        "resourceId": "/main/driver",
        "parentId": "/main"
    },
    {
        "resourceName": "电子油卡",
        "routerUrl": "/main/electron",
        "resourceIcon": "",
        "type": "0",
        "buttons": [],
        "children": [
            {
                "needLogin": true,
                "resourceName": "车队油卡管理",
                "routerUrl": "/main/electron/Motorcade",
                "resourceIcon": "TeamOutlined",
                "type": "0",
                "buttons": [],
                "noparent": true,
                "component": {},
                "children": [
                    {
                        "needLogin": true,
                        "resourceName": "新增Motorcade",
                        "routerUrl": "/main/electron/Motorcade/MotorcadeForm",
                        "resourceIcon": "",
                        "type": "2",
                        "buttons": [],
                        "component": {},
                        "resourceId": "/main/electron/Motorcade/MotorcadeForm",
                        "parentId": "/main/electron/Motorcade"
                    },
                    {
                        "needLogin": true,
                        "resourceName": "新增Motorcade",
                        "routerUrl": "/main/electron/Motorcade/MotorcadeUnlock",
                        "resourceIcon": "",
                        "type": "2",
                        "buttons": [],
                        "component": {},
                        "resourceId": "/main/electron/Motorcade/MotorcadeUnlock",
                        "parentId": "/main/electron/Motorcade"
                    },
                    {
                        "needLogin": true,
                        "resourceName": "新增Motorcade",
                        "routerUrl": "/main/electron/Motorcade/MotorcadeRefillForm",
                        "resourceIcon": "",
                        "type": "2",
                        "buttons": [],
                        "component": {},
                        "resourceId": "/main/electron/Motorcade/MotorcadeRefillForm",
                        "parentId": "/main/electron/Motorcade"
                    },
                    {
                        "needLogin": true,
                        "resourceName": "油卡明细",
                        "routerUrl": "/main/electron/Motorcade/MotorcadeRefill",
                        "resourceIcon": "",
                        "type": "2",
                        "buttons": [],
                        "noparent": true,
                        "component": {},
                        "resourceId": "/main/electron/Motorcade/MotorcadeRefill",
                        "parentId": "/main/electron/Motorcade"
                    },
                    {
                        "needLogin": true,
                        "resourceName": "加油明细",
                        "routerUrl": "/main/electron/Motorcade/MotorcadeRefuel",
                        "resourceIcon": "",
                        "type": "2",
                        "buttons": [],
                        "noparent": true,
                        "component": {},
                        "resourceId": "/main/electron/Motorcade/MotorcadeRefuel",
                        "parentId": "/main/electron/Motorcade"
                    }
                ],
                "resourceId": "/main/electron/Motorcade",
                "parentId": "/main/electron"
            },
            {
                "needLogin": true,
                "resourceName": "云途油卡管理",
                "routerUrl": "/main/electron/Yuntu",
                "resourceIcon": "TeamOutlined",
                "type": "0",
                "buttons": [],
                "noparent": true,
                "component": {},
                "children": [
                    {
                        "needLogin": true,
                        "resourceName": "云途油卡充值",
                        "routerUrl": "/main/electron/Yuntu/YuntuRefillForm",
                        "resourceIcon": "",
                        "type": "2",
                        "buttons": [],
                        "component": {},
                        "resourceId": "/main/electron/Yuntu/YuntuRefillForm",
                        "parentId": "/main/electron/Yuntu"
                    },
                    {
                        "needLogin": true,
                        "resourceName": "油卡明细",
                        "routerUrl": "/main/electron/Yuntu/YuntuRefill",
                        "resourceIcon": "",
                        "type": "2",
                        "buttons": [],
                        "component": {},
                        "resourceId": "/main/electron/Yuntu/YuntuRefill",
                        "parentId": "/main/electron/Yuntu"
                    }
                ],
                "resourceId": "/main/electron/Yuntu",
                "parentId": "/main/electron"
            },
            {
                "needLogin": true,
                "resourceName": "充值万金油管理",
                "routerUrl": "/main/electron/Wanjinyou",
                "resourceIcon": "TeamOutlined",
                "type": "0",
                "buttons": [],
                "noparent": true,
                "component": {},
                "children": [
                    {
                        "needLogin": true,
                        "resourceName": "充值",
                        "routerUrl": "/main/electron/Wanjinyou/WanjinyouForm",
                        "resourceIcon": "",
                        "type": "2",
                        "buttons": [],
                        "component": {},
                        "resourceId": "/main/electron/Wanjinyou/WanjinyouForm",
                        "parentId": "/main/electron/Wanjinyou"
                    }
                ],
                "resourceId": "/main/electron/Wanjinyou",
                "parentId": "/main/electron"
            }
        ],
        "resourceId": "/main/electron",
        "parentId": "/main"
    },
    {
        "resourceName": "合作公司",
        "routerUrl": "/main/company",
        "resourceIcon": "",
        "type": "0",
        "buttons": [],
        "children": [
            {
                "needLogin": true,
                "resourceName": "基本信息",
                "routerUrl": "/main/company/Info",
                "resourceIcon": "TeamOutlined",
                "type": "0",
                "buttons": [],
                "noparent": true,
                "component": {},
                "children": [
                    {
                        "needLogin": true,
                        "resourceName": "新增Info",
                        "routerUrl": "/main/company/Info/InfoForm",
                        "resourceIcon": "",
                        "type": "2",
                        "buttons": [],
                        "component": {},
                        "resourceId": "/main/company/Info/InfoForm",
                        "parentId": "/main/company/Info"
                    }
                ],
                "resourceId": "/main/company/Info",
                "parentId": "/main/company"
            },
            {
                "needLogin": true,
                "resourceName": "车辆管理",
                "routerUrl": "/main/company/Cars",
                "resourceIcon": "TeamOutlined",
                "type": "0",
                "buttons": [],
                "noparent": true,
                "component": {},
                "children": [
                    {
                        "needLogin": true,
                        "resourceName": "新增Cars",
                        "routerUrl": "/main/company/Cars/CarsForm",
                        "resourceIcon": "",
                        "type": "2",
                        "buttons": [],
                        "component": {},
                        "resourceId": "/main/company/Cars/CarsForm",
                        "parentId": "/main/company/Cars"
                    }
                ],
                "resourceId": "/main/company/Cars",
                "parentId": "/main/company"
            },
            {
                "needLogin": true,
                "resourceName": "驾驶员管理",
                "routerUrl": "/main/company/Driver",
                "resourceIcon": "TeamOutlined",
                "type": "0",
                "buttons": [],
                "noparent": true,
                "component": {},
                "children": [
                    {
                        "needLogin": true,
                        "resourceName": "新增Driver",
                        "routerUrl": "/main/company/Driver/DriverForm",
                        "resourceIcon": "",
                        "type": "2",
                        "buttons": [],
                        "component": {},
                        "resourceId": "/main/company/Driver/DriverForm",
                        "parentId": "/main/company/Driver"
                    }
                ],
                "resourceId": "/main/company/Driver",
                "parentId": "/main/company"
            },
            {
                "needLogin": true,
                "resourceName": "公司油卡",
                "routerUrl": "/main/company/Card",
                "resourceIcon": "TeamOutlined",
                "type": "0",
                "buttons": [],
                "noparent": true,
                "component": {},
                "children": [
                    {
                        "needLogin": true,
                        "resourceName": "油卡明细",
                        "routerUrl": "/main/company/Card/CardForm",
                        "resourceIcon": "",
                        "type": "2",
                        "buttons": [],
                        "component": {},
                        "resourceId": "/main/company/Card/CardForm",
                        "parentId": "/main/company/Card"
                    },
                    {
                        "needLogin": true,
                        "resourceName": "充值",
                        "routerUrl": "/main/company/Card/CardRefillForm",
                        "resourceIcon": "",
                        "type": "2",
                        "buttons": [],
                        "component": {},
                        "resourceId": "/main/company/Card/CardRefillForm",
                        "parentId": "/main/company/Card"
                    },
                    {
                        "needLogin": true,
                        "resourceName": "充值明细",
                        "routerUrl": "/main/company/Card/CardRefill",
                        "resourceIcon": "",
                        "type": "2",
                        "buttons": [],
                        "component": {},
                        "resourceId": "/main/company/Card/CardRefill",
                        "parentId": "/main/company/Card"
                    }
                ],
                "resourceId": "/main/company/Card",
                "parentId": "/main/company"
            }
        ],
        "resourceId": "/main/company",
        "parentId": "/main"
    },
    {
        "resourceName": "加油站",
        "routerUrl": "/main/gasstation",
        "resourceIcon": "",
        "type": "0",
        "buttons": [],
        "children": [
            {
                "needLogin": true,
                "resourceName": "加油站管理",
                "routerUrl": "/main/gasstation/Gasstation",
                "resourceIcon": "TeamOutlined",
                "type": "0",
                "buttons": [],
                "noparent": true,
                "component": {},
                "children": [
                    {
                        "needLogin": true,
                        "resourceName": "新增加油站",
                        "routerUrl": "/main/gasstation/Gasstation/GasstationForm",
                        "resourceIcon": "",
                        "type": "2",
                        "buttons": [],
                        "component": {},
                        "resourceId": "/main/gasstation/Gasstation/GasstationForm",
                        "parentId": "/main/gasstation/Gasstation"
                    }
                ],
                "resourceId": "/main/gasstation/Gasstation",
                "parentId": "/main/gasstation"
            },
            {
                "needLogin": true,
                "resourceName": "加油员信息",
                "routerUrl": "/main/gasstation/Employee",
                "resourceIcon": "TeamOutlined",
                "type": "0",
                "buttons": [],
                "noparent": true,
                "component": {},
                "children": [
                    {
                        "needLogin": true,
                        "resourceName": "新增加油员",
                        "routerUrl": "/main/gasstation/Employee/EmployeeForm",
                        "resourceIcon": "",
                        "type": "2",
                        "buttons": [],
                        "component": {},
                        "resourceId": "/main/gasstation/Employee/EmployeeForm",
                        "parentId": "/main/gasstation/Employee"
                    }
                ],
                "resourceId": "/main/gasstation/Employee",
                "parentId": "/main/gasstation"
            },
            {
                "needLogin": true,
                "resourceName": "油品信息",
                "routerUrl": "/main/gasstation/Petrol",
                "resourceIcon": "TeamOutlined",
                "type": "0",
                "buttons": [],
                "noparent": true,
                "component": {},
                "children": [
                    {
                        "needLogin": true,
                        "resourceName": "新增油品",
                        "routerUrl": "/main/gasstation/Petrol/PetrolForm",
                        "resourceIcon": "",
                        "type": "2",
                        "buttons": [],
                        "component": {},
                        "resourceId": "/main/gasstation/Petrol/PetrolForm",
                        "parentId": "/main/gasstation/Petrol"
                    }
                ],
                "resourceId": "/main/gasstation/Petrol",
                "parentId": "/main/gasstation"
            },
            {
                "needLogin": true,
                "resourceName": "优惠信息发布",
                "routerUrl": "/main/gasstation/Preferential",
                "resourceIcon": "TeamOutlined",
                "type": "0",
                "buttons": [],
                "noparent": true,
                "component": {},
                "children": [
                    {
                        "needLogin": true,
                        "resourceName": "新增优惠信息",
                        "routerUrl": "/main/gasstation/Preferential/PreferentialForm",
                        "resourceIcon": "",
                        "type": "2",
                        "buttons": [],
                        "component": {},
                        "resourceId": "/main/gasstation/Preferential/PreferentialForm",
                        "parentId": "/main/gasstation/Preferential"
                    }
                ],
                "resourceId": "/main/gasstation/Preferential",
                "parentId": "/main/gasstation"
            },
            {
                "needLogin": true,
                "resourceName": "佣金管理",
                "routerUrl": "/main/gasstation/Commission",
                "resourceIcon": "TeamOutlined",
                "type": "0",
                "buttons": [],
                "noparent": true,
                "component": {},
                "children": [
                    {
                        "needLogin": true,
                        "resourceName": "提现明细",
                        "routerUrl": "/main/gasstation/Commission/CommissionForm",
                        "resourceIcon": "",
                        "type": "2",
                        "buttons": [],
                        "component": {},
                        "resourceId": "/main/gasstation/Commission/CommissionForm",
                        "parentId": "/main/gasstation/Commission"
                    }
                ],
                "resourceId": "/main/gasstation/Commission",
                "parentId": "/main/gasstation"
            },
            {
                "needLogin": true,
                "resourceName": "油站加盟管理",
                "routerUrl": "/main/gasstation/League",
                "resourceIcon": "TeamOutlined",
                "type": "0",
                "buttons": [],
                "noparent": true,
                "component": {},
                "children": [
                    {
                        "needLogin": true,
                        "resourceName": "加盟信息",
                        "routerUrl": "/main/gasstation/League/LeagueForm",
                        "resourceIcon": "",
                        "type": "2",
                        "buttons": [],
                        "component": {},
                        "resourceId": "/main/gasstation/League/LeagueForm",
                        "parentId": "/main/gasstation/League"
                    }
                ],
                "resourceId": "/main/gasstation/League",
                "parentId": "/main/gasstation"
            },
            {
                "needLogin": true,
                "resourceName": "加油站管理",
                "routerUrl": "/main/gasstation/GasstationRule",
                "resourceIcon": "TeamOutlined",
                "type": "0",
                "buttons": [],
                "noparent": true,
                "component": {},
                "children":[],
                "resourceId": "/main/gasstation/GasstationRule",
                "parentId": "/main/gasstation"
            }
        ],
        "resourceId": "/main/gasstation",
        "parentId": "/main"
    }
]